Entity,Day,Weekly deaths per million people
United States,2020-01-09,0
United States,2020-01-10,0
United States,2020-01-11,0
United States,2020-01-12,0
United States,2020-01-13,0
United States,2020-01-14,0
United States,2020-01-15,0
United States,2020-01-16,0
United States,2020-01-17,0
United States,2020-01-18,0
United States,2020-01-19,0
United States,2020-01-20,0
United States,2020-01-21,0
United States,2020-01-22,0
United States,2020-01-23,0
United States,2020-01-24,0
United States,2020-01-25,0
United States,2020-01-26,0
United States,2020-01-27,0
United States,2020-01-28,0
United States,2020-01-29,0
United States,2020-01-30,0
United States,2020-01-31,0
United States,2020-02-01,0
United States,2020-02-02,0
United States,2020-02-03,0
United States,2020-02-04,0
United States,2020-02-05,0
United States,2020-02-06,0
United States,2020-02-07,0
United States,2020-02-08,0
United States,2020-02-09,0
United States,2020-02-10,0
United States,2020-02-11,0
United States,2020-02-12,0
United States,2020-02-13,0
United States,2020-02-14,0
United States,2020-02-15,0
United States,2020-02-16,0
United States,2020-02-17,0
United States,2020-02-18,0
United States,2020-02-19,0
United States,2020-02-20,0
United States,2020-02-21,0
United States,2020-02-22,0
United States,2020-02-23,0
United States,2020-02-24,0
United States,2020-02-25,0
United States,2020-02-26,0
United States,2020-02-27,0
United States,2020-02-28,0
United States,2020-02-29,0.0029279662
United States,2020-03-01,0.0029279662
United States,2020-03-02,0.0058559324
United States,2020-03-03,0.0058559324
United States,2020-03-04,0.02342373
United States,2020-03-05,0.032207627
United States,2020-03-06,0.03806356
United States,2020-03-07,0.043919493
United States,2020-03-08,0.05270339
United States,2020-03-09,0.06441525
United States,2020-03-10,0.07612712
United States,2020-03-11,0.07027119
United States,2020-03-12,0.08198305
United States,2020-03-13,0.11126272
United States,2020-03-14,0.12297458
United States,2020-03-15,0.1463983
United States,2020-03-16,0.16982204
United States,2020-03-17,0.21081357
United States,2020-03-18,0.260589
United States,2020-03-19,0.3220763
United States,2020-03-20,0.4743305
United States,2020-03-21,0.6558644
United States,2020-03-22,0.8930297
United States,2020-03-23,1.1828984
United States,2020-03-24,1.475695
United States,2020-03-25,1.8943942
United States,2020-03-26,2.424356
United States,2020-03-27,3.118284
United States,2020-03-28,3.9146907
United States,2020-03-29,5.0712376
United States,2020-03-30,6.3712544
United States,2020-03-31,7.9728518
United States,2020-04-01,9.340212
United States,2020-04-02,11.60353
United States,2020-04-03,14.004462
United States,2020-04-04,16.84459
United States,2020-04-05,19.447552
United States,2020-04-06,22.32867
United States,2020-04-07,25.865654
United States,2020-04-08,28.969297
United States,2020-04-09,32.222267
United States,2020-04-10,35.44303
United States,2020-04-11,38.13383
United States,2020-04-12,40.666523
United States,2020-04-13,42.575558
United States,2020-04-14,42.52871
United States,2020-04-15,43.155293
United States,2020-04-16,44.147873
United States,2020-04-17,45.641136
United States,2020-04-18,46.27065
United States,2020-04-19,46.548805
United States,2020-04-20,45.541588
United States,2020-04-21,45.93979
United States,2020-04-22,46.4434
United States,2020-04-23,47.14904
United States,2020-04-24,45.655777
United States,2020-04-25,44.305984
United States,2020-04-26,43.623768
United States,2020-04-27,43.752598
United States,2020-04-28,42.41159
United States,2020-04-29,40.689945
United States,2020-04-30,39.04443
United States,2020-05-01,39.61831
United States,2020-05-02,40.362015
United States,2020-05-03,39.92282
United States,2020-05-04,39.094204
United States,2020-05-05,38.734066
United States,2020-05-06,38.095768
United States,2020-05-07,39.0415
United States,2020-05-08,38.818977
United States,2020-05-09,38.218742
United States,2020-05-10,37.354992
United States,2020-05-11,37.009495
United States,2020-05-12,36.01691
United States,2020-05-13,35.322983
United States,2020-05-14,32.684887
United States,2020-05-15,30.242964
United States,2020-05-16,29.979446
United States,2020-05-17,29.660297
United States,2020-05-18,28.922451
United States,2020-05-19,28.494967
United States,2020-05-20,28.237307
United States,2020-05-21,27.200806
United States,2020-05-22,26.811386
United States,2020-05-23,24.293335
United States,2020-05-24,25.057535
United States,2020-05-25,24.173288
United States,2020-05-26,23.766302
United States,2020-05-27,23.00796
United States,2020-05-28,21.930468
United States,2020-05-29,21.669878
United States,2020-05-30,22.161776
United States,2020-05-31,19.93945
United States,2020-06-01,19.848682
United States,2020-06-02,19.511967
United States,2020-06-03,19.523678
United States,2020-06-04,19.883818
United States,2020-06-05,19.113764
United States,2020-06-06,18.042128
United States,2020-06-07,17.529734
United States,2020-06-08,16.835806
United States,2020-06-09,16.601568
United States,2020-06-10,16.850445
United States,2020-06-11,16.537153
United States,2020-06-12,16.127237
United States,2020-06-13,16.136023
United States,2020-06-14,15.723179
United States,2020-06-15,15.770026
United States,2020-06-16,15.465518
United States,2020-06-17,14.730598
United States,2020-06-18,14.282619
United States,2020-06-19,13.702882
United States,2020-06-20,12.98553
United States,2020-06-21,13.044089
United States,2020-06-22,12.724941
United States,2020-06-23,12.502416
United States,2020-06-24,12.18034
United States,2020-06-25,12.391153
United States,2020-06-26,12.414577
United States,2020-06-27,17.948433
United States,2020-06-28,17.804962
United States,2020-06-29,17.854738
United States,2020-06-30,17.930864
United States,2020-07-01,18.065552
United States,2020-07-02,17.819603
United States,2020-07-03,18.083118
United States,2020-07-04,12.727869
United States,2020-07-05,13.032377
United States,2020-07-06,12.874268
United States,2020-07-07,12.935755
United States,2020-07-08,13.336886
United States,2020-07-09,14.1157255
United States,2020-07-10,14.985332
United States,2020-07-11,15.737819
United States,2020-07-12,16.188725
United States,2020-07-13,17.213512
United States,2020-07-14,18.326141
United States,2020-07-15,18.71556
United States,2020-07-16,18.674568
United States,2020-07-17,18.80047
United States,2020-07-18,19.175251
United States,2020-07-19,19.517822
United States,2020-07-20,19.857468
United States,2020-07-21,20.12684
United States,2020-07-22,20.525043
United States,2020-07-23,21.341946
United States,2020-07-24,21.543976
United States,2020-07-25,22.02709
United States,2020-07-26,22.621468
United States,2020-07-27,23.040167
United States,2020-07-28,23.095797
United States,2020-07-29,23.297827
United States,2020-07-30,23.209988
United States,2020-07-31,23.174852
United States,2020-08-01,23.602335
United States,2020-08-02,23.851213
United States,2020-08-03,23.89806
United States,2020-08-04,23.813148
United States,2020-08-05,23.570127
United States,2020-08-06,23.303682
United States,2020-08-07,23.540848
United States,2020-08-08,22.987463
United States,2020-08-09,22.835209
United States,2020-08-10,22.480925
United States,2020-08-11,22.41651
United States,2020-08-12,22.246687
United States,2020-08-13,22.322815
United States,2020-08-14,22.51606
United States,2020-08-15,22.469213
United States,2020-08-16,21.678661
United States,2020-08-17,21.412216
United States,2020-08-18,21.380009
United States,2020-08-19,20.91739
United States,2020-08-20,20.419636
United States,2020-08-21,20.238102
United States,2020-08-22,19.667149
United States,2020-08-23,19.55003
United States,2020-08-24,19.708141
United States,2020-08-25,19.552958
United States,2020-08-26,19.397776
United States,2020-08-27,19.257235
United States,2020-08-28,18.665785
United States,2020-08-29,18.490107
United States,2020-08-30,18.57209
United States,2020-08-31,18.083118
United States,2020-09-01,17.734692
United States,2020-09-02,17.643925
United States,2020-09-03,17.585365
United States,2020-09-04,17.064188
United States,2020-09-05,17.08761
United States,2020-09-06,16.704048
United States,2020-09-07,16.592785
United States,2020-09-08,16.49909
United States,2020-09-09,16.100885
United States,2020-09-10,15.202001
United States,2020-09-11,15.032179
United States,2020-09-12,14.692534
United States,2020-09-13,14.572488
United States,2020-09-14,14.165501
United States,2020-09-15,14.26798
United States,2020-09-16,14.098157
United States,2020-09-17,14.824293
United States,2020-09-18,15.623628
United States,2020-09-19,15.330832
United States,2020-09-20,15.155153
United States,2020-09-21,15.190289
United States,2020-09-22,14.499289
United States,2020-09-23,15.020467
United States,2020-09-24,14.607623
United States,2020-09-25,14.033742
United States,2020-09-26,14.057166
United States,2020-09-27,13.983967
United States,2020-09-28,13.954687
United States,2020-09-29,14.00739
United States,2020-09-30,13.606259
United States,2020-10-01,14.001534
United States,2020-10-02,13.366166
United States,2020-10-03,13.34567
United States,2020-10-04,13.723377
United States,2020-10-05,13.433509
United States,2020-10-06,13.714594
United States,2020-10-07,14.030814
United States,2020-10-08,13.56234
United States,2020-10-09,13.843424
United States,2020-10-10,13.84928
United States,2020-10-11,13.512564
United States,2020-10-12,13.852208
United States,2020-10-13,13.779009
United States,2020-10-14,13.746801
United States,2020-10-15,13.7965765
United States,2020-10-16,13.910768
United States,2020-10-17,13.799504
United States,2020-10-18,14.057166
United States,2020-10-19,14.092301
United States,2020-10-20,14.560776
United States,2020-10-21,14.897492
United States,2020-10-22,15.30448
United States,2020-10-23,16.001335
United States,2020-10-24,16.64256
United States,2020-10-25,16.75675
United States,2020-10-26,17.17545
United States,2020-10-27,16.788958
United States,2020-10-28,16.993916
United States,2020-10-29,17.301352
United States,2020-10-30,17.313065
United States,2020-10-31,17.88109
United States,2020-11-01,17.848883
United States,2020-11-02,18.159246
United States,2020-11-03,18.472538
United States,2020-11-04,18.636505
United States,2020-11-05,19.03178
United States,2020-11-06,19.719852
United States,2020-11-07,20.062424
United States,2020-11-08,21.09307
United States,2020-11-09,21.541048
United States,2020-11-10,22.050514
United States,2020-11-11,22.612682
United States,2020-11-12,24.495365
United States,2020-11-13,25.139519
United States,2020-11-14,25.490873
United States,2020-11-15,25.52308
United States,2020-11-16,26.626925
United States,2020-11-17,27.05148
United States,2020-11-18,27.309141
United States,2020-11-19,27.06612
United States,2020-11-20,27.988428
United States,2020-11-21,29.666153
United States,2020-11-22,31.680593
United States,2020-11-23,32.41844
United States,2020-11-24,33.22656
United States,2020-11-25,34.383106
United States,2020-11-26,35.255642
United States,2020-11-27,36.590794
United States,2020-11-28,35.870514
United States,2020-11-29,34.989197
United States,2020-11-30,34.3509
United States,2020-12-01,34.286484
United States,2020-12-02,34.675903
United States,2020-12-03,36.110607
United States,2020-12-04,37.477966
United States,2020-12-05,40.59918
United States,2020-12-06,43.336826
United States,2020-12-07,45.88416
United States,2020-12-08,46.783043
United States,2020-12-09,48.033287
United States,2020-12-10,48.566177
United States,2020-12-11,50.226334
United States,2020-12-12,50.12385
United States,2020-12-13,51.865993
United States,2020-12-14,52.053383
United States,2020-12-15,53.368042
United States,2020-12-16,53.31534
United States,2020-12-17,53.892147
United States,2020-12-18,54.085392
United States,2020-12-19,55.938793
United States,2020-12-20,55.23901
United States,2020-12-21,56.079338
United States,2020-12-22,56.23452
United States,2020-12-23,56.743984
United States,2020-12-24,57.133404
United States,2020-12-25,56.69128
United States,2020-12-26,55.763115
United States,2020-12-27,53.678406
United States,2020-12-28,50.524986
United States,2020-12-29,49.977455
United States,2020-12-30,50.12678
United States,2020-12-31,51.473644
United States,2021-01-01,53.01083
United States,2021-01-02,55.15703
United States,2021-01-03,57.534534
United States,2021-01-04,59.683662
United States,2021-01-05,60.096508
United States,2021-01-06,59.654385
United States,2021-01-07,60.078938
United States,2021-01-08,60.348312
United States,2021-01-09,61.004177
United States,2021-01-10,62.94249
United States,2021-01-11,65.94951
United States,2021-01-12,67.4457
United States,2021-01-13,68.924324
United States,2021-01-14,69.228836
United States,2021-01-15,69.846634
United States,2021-01-16,69.214195
United States,2021-01-17,68.25675
United States,2021-01-18,68.660805
United States,2021-01-19,68.792564
United States,2021-01-20,67.96102
United States,2021-01-21,65.43712
United States,2021-01-22,64.734406
United States,2021-01-23,65.00085
United States,2021-01-24,65.8646
United States,2021-01-25,64.47089
United States,2021-01-26,64.11075
United States,2021-01-27,63.48709
United States,2021-01-28,65.94073
United States,2021-01-29,66.303795
United States,2021-01-30,66.35357
United States,2021-01-31,65.14432
United States,2021-02-01,64.42404
United States,2021-02-02,63.87944
United States,2021-02-03,64.441605
United States,2021-02-04,62.59992
United States,2021-02-05,60.63818
United States,2021-02-06,58.4627
United States,2021-02-07,58.85212
United States,2021-02-08,58.78185
United States,2021-02-09,57.259308
United States,2021-02-10,55.61672
United States,2021-02-11,54.220078
United States,2021-02-12,52.85272
United States,2021-02-13,53.218716
United States,2021-02-14,58.084995
United States,2021-02-15,59.58704
United States,2021-02-16,59.004375
United States,2021-02-17,58.181618
United States,2021-02-18,55.069187
United States,2021-02-19,53.218716
United States,2021-02-20,50.276108
United States,2021-02-21,42.25641
United States,2021-02-22,37.9318
United States,2021-02-23,37.79419
United States,2021-02-24,38.086983
United States,2021-02-25,38.99758
United States,2021-02-26,38.39442
United States,2021-02-27,40.159985
United States,2021-02-28,39.11763
United States,2021-03-01,38.517395
United States,2021-03-02,37.05634
United States,2021-03-03,36.576153
United States,2021-03-04,34.848656
United States,2021-03-05,34.617344
United States,2021-03-06,30.70851
United States,2021-03-07,30.585535
United States,2021-03-08,29.54025
United States,2021-03-09,29.156687
United States,2021-03-10,27.631218
United States,2021-03-11,27.84496
United States,2021-03-12,26.908009
United States,2021-03-13,26.328272
United States,2021-03-14,25.060463
United States,2021-03-15,24.126442
United States,2021-03-16,23.412018
United States,2021-03-17,23.092869
United States,2021-03-18,22.073936
United States,2021-03-19,20.607027
United States,2021-03-20,19.55003
United States,2021-03-21,18.34078
United States,2021-03-22,17.63807
United States,2021-03-23,17.351128
United States,2021-03-24,18.06848
United States,2021-03-25,17.775682
United States,2021-03-26,17.925009
United States,2021-03-27,17.998209
United States,2021-03-28,17.892801
United States,2021-03-29,18.28222
United States,2021-03-30,18.472538
United States,2021-03-31,17.330631
United States,2021-04-01,17.26036
United States,2021-04-02,16.739183
United States,2021-04-03,16.25607
United States,2021-04-04,15.670475
United States,2021-04-05,15.251776
United States,2021-04-06,14.99997
United States,2021-04-07,14.455369
United States,2021-04-08,14.513928
United States,2021-04-09,14.1420765
United States,2021-04-10,14.291403
United States,2021-04-11,14.355819
United States,2021-04-12,14.449513
United States,2021-04-13,14.262123
United States,2021-04-14,14.762806
United States,2021-04-15,14.7686615
United States,2021-04-16,14.65447
United States,2021-04-17,14.440729
United States,2021-04-18,14.273835
United States,2021-04-19,13.942975
United States,2021-04-20,14.033742
United States,2021-04-21,13.828784
United States,2021-04-22,13.814144
United States,2021-04-23,13.770226
United States,2021-04-24,13.740946
United States,2021-04-25,13.822928
United States,2021-04-26,13.901983
United States,2021-04-27,13.714594
United States,2021-04-28,13.726306
United States,2021-04-29,13.140713
United States,2021-04-30,13.33103
United States,2021-05-01,13.240263
United States,2021-05-02,13.155353
United States,2021-05-03,13.044089
United States,2021-05-04,13.234407
United States,2021-05-05,13.243191
United States,2021-05-06,13.61797
United States,2021-05-07,13.27247
United States,2021-05-08,13.032377
United States,2021-05-09,13.032377
United States,2021-05-10,13.011882
United States,2021-05-11,12.742509
United States,2021-05-12,12.522911
United States,2021-05-13,12.300386
United States,2021-05-14,12.197907
United States,2021-05-15,11.940247
United States,2021-05-16,11.63281
United States,2021-05-17,11.14384
United States,2021-05-18,11.22875
United States,2021-05-19,11.132128
United States,2021-05-20,11.167263
United States,2021-05-21,10.886178
United States,2021-05-22,10.763204
United States,2021-05-23,10.6109495
United States,2021-05-24,10.514327
United States,2021-05-25,10.075131
United States,2021-05-26,10.640229
United States,2021-05-27,10.370856
United States,2021-05-28,10.17761
United States,2021-05-29,10.189322
United States,2021-05-30,10.347432
United States,2021-05-31,10.031212
United States,2021-06-01,9.934589
United States,2021-06-02,8.988856
United States,2021-06-03,8.444255
United States,2021-06-04,8.371056
United States,2021-06-05,8.174882
United States,2021-06-06,7.8323097
United States,2021-06-07,8.10461
United States,2021-06-08,8.599437
United States,2021-06-09,8.862954
United States,2021-06-10,8.8073225
United States,2021-06-11,8.499886
United States,2021-06-12,8.2188015
United States,2021-06-13,7.6829834
United States,2021-06-14,7.1383815
United States,2021-06-15,6.344903
United States,2021-06-16,5.984763
United States,2021-06-17,5.993547
United States,2021-06-18,5.8442206
United States,2021-06-19,5.54264
United States,2021-06-20,5.1590767
United States,2021-06-21,5.284979
United States,2021-06-22,5.4928646
United States,2021-06-23,5.6890383
United States,2021-06-24,5.6656146
United States,2021-06-25,5.636335
United States,2021-06-26,5.7417417
United States,2021-06-27,6.151657
United States,2021-06-28,6.125305
United States,2021-06-29,5.978907
United States,2021-06-30,5.7358856
United States,2021-07-01,5.6597586
United States,2021-07-02,5.4196653
United States,2021-07-03,5.3435383
United States,2021-07-04,5.027318
United States,2021-07-05,4.763801
United States,2021-07-06,4.6232586
United States,2021-07-07,4.3890214
United States,2021-07-08,4.4446526
United States,2021-07-09,4.4622207
United States,2021-07-10,4.3831654
United States,2021-07-11,4.418301
United States,2021-07-12,4.4095173
United States,2021-07-13,4.391949
United States,2021-07-14,4.9541187
United States,2021-07-15,5.0595255
United States,2021-07-16,5.3288984
United States,2021-07-17,5.4957924
United States,2021-07-18,5.6539025
United States,2021-07-19,5.7534537
United States,2021-07-20,5.8325086
United States,2021-07-21,5.800301
United States,2021-07-22,5.7505255
United States,2021-07-23,5.91742
United States,2021-07-24,5.973051
United States,2021-07-25,6.1018815
United States,2021-07-26,6.3097672
United States,2021-07-27,6.6113477
United States,2021-07-28,6.9831996
United States,2021-07-29,7.507305
United States,2021-07-30,7.7854624
United States,2021-07-31,8.245152
United States,2021-08-01,8.570157
United States,2021-08-02,8.983001
United States,2021-08-03,9.337284
United States,2021-08-04,10.054636
United States,2021-08-05,10.643157
United States,2021-08-06,11.3663645
United States,2021-08-07,12.12178
United States,2021-08-08,13.038234
United States,2021-08-09,13.779009
United States,2021-08-10,14.2387
United States,2021-08-11,14.426089
United States,2021-08-12,15.190289
United States,2021-08-13,14.812581
United States,2021-08-14,15.456734
United States,2021-08-15,16.504946
United States,2021-08-16,17.254505
United States,2021-08-17,17.699556
United States,2021-08-18,18.065552
United States,2021-08-19,18.74484
United States,2021-08-20,21.33609
United States,2021-08-21,22.5307
United States,2021-08-22,23.584768
United States,2021-08-23,24.36068
United States,2021-08-24,25.004831
United States,2021-08-25,26.058899
United States,2021-08-26,27.41162
United States,2021-08-27,27.883022
United States,2021-08-28,28.992722
United States,2021-08-29,29.81548
United States,2021-08-30,30.667519
United States,2021-08-31,31.49906
United States,2021-09-01,31.610323
United States,2021-09-02,32.055374
United States,2021-09-03,33.10066
United States,2021-09-04,33.885353
United States,2021-09-05,34.283558
United States,2021-09-06,34.371395
United States,2021-09-07,34.784237
United States,2021-09-08,34.342117
United States,2021-09-09,33.507645
United States,2021-09-10,33.812153
United States,2021-09-11,34.45045
United States,2021-09-12,35.38447
United States,2021-09-13,36.113537
United States,2021-09-14,35.57479
United States,2021-09-15,36.33606
United States,2021-09-16,38.944878
United States,2021-09-17,40.057507
United States,2021-09-18,39.653446
United States,2021-09-19,39.79106
United States,2021-09-20,39.351868
United States,2021-09-21,39.509975
United States,2021-09-22,39.556824
United States,2021-09-23,39.357723
United States,2021-09-24,38.921455
United States,2021-09-25,38.818977
United States,2021-09-26,39.1879
United States,2021-09-27,38.73699
United States,2021-09-28,38.224598
United States,2021-09-29,39.94917
United States,2021-09-30,39.392857
United States,2021-10-01,39.108845
United States,2021-10-02,38.78384
United States,2021-10-03,38.04014
United States,2021-10-04,37.606796
United States,2021-10-05,37.381344
United States,2021-10-06,35.621635
United States,2021-10-07,35.328842
United States,2021-10-08,34.743248
United States,2021-10-09,34.087383
United States,2021-10-10,34.210358
United States,2021-10-11,33.519356
United States,2021-10-12,33.72724
United States,2021-10-13,32.755157
United States,2021-10-14,32.342316
United States,2021-10-15,31.736225
United States,2021-10-16,31.261896
United States,2021-10-17,30.632383
United States,2021-10-18,30.166836
United States,2021-10-19,29.235743
United States,2021-10-20,33.059666
United States,2021-10-21,32.86935
United States,2021-10-22,32.85471
United States,2021-10-23,32.699528
United States,2021-10-24,32.47407
United States,2021-10-25,31.777218
United States,2021-10-26,30.758286
United States,2021-10-27,26.95193
United States,2021-10-28,27.546307
United States,2021-10-29,27.32378
United States,2021-10-30,26.6035
United States,2021-10-31,26.10282
United States,2021-11-01,25.514297
United States,2021-11-02,25.38254
United States,2021-11-03,25.868582
United States,2021-11-04,24.105946
United States,2021-11-05,22.41651
United States,2021-11-06,22.202768
United States,2021-11-07,21.687447
United States,2021-11-08,21.75479
United States,2021-11-09,21.620102
United States,2021-11-10,21.517624
United States,2021-11-11,21.918755
United States,2021-11-12,22.378447
United States,2021-11-13,21.693302
United States,2021-11-14,22.044657
United States,2021-11-15,22.24376
United States,2021-11-16,22.129568
United States,2021-11-17,21.892403
United States,2021-11-18,21.532263
United States,2021-11-19,21.816277
United States,2021-11-20,30.298594
United States,2021-11-21,30.08778
United States,2021-11-22,29.590027
United States,2021-11-23,29.472908
United States,2021-11-24,29.75692
United States,2021-11-25,30.038006
United States,2021-11-26,29.838903
United States,2021-11-27,19.877962
United States,2021-11-28,16.660128
United States,2021-11-29,16.191652
United States,2021-11-30,16.2385
United States,2021-12-01,17.661491
United States,2021-12-02,17.843025
United States,2021-12-03,18.876598
United States,2021-12-04,21.157484
United States,2021-12-05,24.313831
United States,2021-12-06,25.362043
United States,2021-12-07,25.619705
United States,2021-12-08,24.521717
United States,2021-12-09,25.13659
United States,2021-12-10,24.413382
United States,2021-12-11,24.173288
United States,2021-12-12,25.139519
United States,2021-12-13,24.899426
United States,2021-12-14,24.972624
United States,2021-12-15,25.042894
United States,2021-12-16,25.26542
United States,2021-12-17,26.495167
United States,2021-12-18,26.357552
United States,2021-12-19,26.542013
United States,2021-12-20,26.83481
United States,2021-12-21,26.77625
United States,2021-12-22,27.230085
United States,2021-12-23,28.257801
United States,2021-12-24,28.123116
United States,2021-12-25,34.160583
United States,2021-12-26,32.210556
United States,2021-12-27,31.250183
United States,2021-12-28,31.191624
United States,2021-12-29,32.125645
United States,2021-12-30,32.33646
United States,2021-12-31,32.245693
United States,2022-01-01,26.849451
United States,2022-01-02,26.779179
United States,2022-01-03,27.271078
United States,2022-01-04,27.587297
United States,2022-01-05,27.25351
United States,2022-01-06,28.743845
United States,2022-01-07,28.811188
United States,2022-01-08,31.018873
United States,2022-01-09,34.30405
United States,2022-01-10,35.589428
United States,2022-01-11,36.54102
United States,2022-01-12,37.39013
United States,2022-01-13,38.411987
United States,2022-01-14,40.26832
United States,2022-01-15,40.534763
United States,2022-01-16,42.104153
United States,2022-01-17,43.600346
United States,2022-01-18,44.10981
United States,2022-01-19,42.619476
United States,2022-01-20,41.01788
United States,2022-01-21,43.298763
United States,2022-01-22,45.412754
United States,2022-01-23,47.74927
United States,2022-01-24,47.274944
United States,2022-01-25,47.529675
United States,2022-01-26,51.4268
United States,2022-01-27,54.026833
United States,2022-01-28,54.466026
United States,2022-01-29,54.457245
United States,2022-01-30,53.88336
United States,2022-01-31,54.755898
United States,2022-02-01,54.653416
United States,2022-02-02,54.63878
United States,2022-02-03,56.237446
United States,2022-02-04,55.678204
United States,2022-02-05,55.142387
United States,2022-02-06,54.618282
United States,2022-02-07,53.851154
United States,2022-02-08,53.233353
United States,2022-02-09,54.761753
United States,2022-02-10,53.965343
United States,2022-02-11,53.34169
United States,2022-02-12,52.943485
United States,2022-02-13,51.385807
United States,2022-02-14,50.55134
United States,2022-02-15,50.5894
United States,2022-02-16,49.62903
United States,2022-02-17,48.35829
United States,2022-02-18,47.488686
United States,2022-02-19,46.718628
United States,2022-02-20,45.008698
United States,2022-02-21,44.26792
United States,2022-02-22,43.860935
United States,2022-02-23,38.376854
United States,2022-02-24,38.031353
United States,2022-02-25,37.74734
United States,2022-02-26,38.25095
United States,2022-02-27,38.198246
United States,2022-02-28,37.78833
United States,2022-03-01,37.120754
United States,2022-03-02,40.64017
United States,2022-03-03,36.889446
United States,2022-03-04,33.741882
United States,2022-03-05,30.45085
United States,2022-03-06,28.336857
United States,2022-03-07,27.593153
United States,2022-03-08,27.61365
United States,2022-03-09,25.35326
United States,2022-03-10,24.66226
United States,2022-03-11,25.894934
United States,2022-03-12,25.584568
United States,2022-03-13,25.198078
United States,2022-03-14,25.736822
United States,2022-03-15,25.233213
United States,2022-03-17,19.898458
United States,2022-03-18,18.560377
United States,2022-03-19,17.998209
United States,2022-03-20,16.636703
United States,2022-03-21,15.7407465
United States,2022-03-22,15.608988
United States,2022-03-23,17.919153
United States,2022-03-24,16.437603
United States,2022-03-25,15.688043
United States,2022-03-26,15.187361
United States,2022-03-27,14.61348
United States,2022-03-28,14.55492
United States,2022-03-29,14.393882
United States,2022-03-30,14.092301
United States,2022-03-31,13.492068
United States,2022-04-01,13.284183
United States,2022-04-02,12.724941
United States,2022-04-03,12.215475
United States,2022-04-04,12.12178
United States,2022-04-05,12.186195
United States,2022-04-06,11.120416
United States,2022-04-07,10.511398
United States,2022-04-08,9.840895
United States,2022-04-09,9.310932
United States,2022-04-10,10.151258
United States,2022-04-11,10.130763
United States,2022-04-12,9.990221
United States,2022-04-13,9.993149
United States,2022-04-14,10.605094
United States,2022-04-15,9.606657
United States,2022-04-16,10.154187
United States,2022-04-17,9.144038
United States,2022-04-18,8.874665
United States,2022-04-19,8.83953
United States,2022-04-20,8.965432
United States,2022-04-21,8.069475
United States,2022-04-22,7.905509
United States,2022-04-23,7.7444706
United States,2022-04-24,7.1530213
United States,2022-04-25,7.2203646
United States,2022-04-26,7.2320766
United States,2022-04-27,6.7958097
United States,2022-04-28,6.669907
United States,2022-04-29,7.202797
United States,2022-04-30,6.1282334
United States,2022-05-01,6.5645003
United States,2022-05-02,6.6172037
United States,2022-05-03,6.828017
United States,2022-05-04,6.719682
United States,2022-05-05,7.492666
United States,2022-05-06,7.712263
United States,2022-05-07,7.7473984
United States,2022-05-08,7.732759
United States,2022-05-09,7.6478477
United States,2022-05-10,7.44289
United States,2022-05-11,7.4692416
United States,2022-05-12,6.7226105
United States,2022-05-13,6.0257545
United States,2022-05-14,5.9144917
United States,2022-05-15,5.7563815
United States,2022-05-16,5.809085
United States,2022-05-17,5.8178687
United States,2022-05-18,5.9408436
United States,2022-05-19,5.8676443
United States,2022-05-20,5.984763
United States,2022-05-21,5.9554834
United States,2022-05-22,6.0930977
United States,2022-05-23,6.145801
United States,2022-05-24,6.148729
United States,2022-05-25,6.60842
United States,2022-05-26,6.9100003
United States,2022-05-27,7.182301
United States,2022-05-28,7.4018984
United States,2022-05-29,7.6976233
United States,2022-05-30,7.6683435
United States,2022-05-31,7.6419916
United States,2022-06-01,6.734322
United States,2022-06-02,6.4268856
United States,2022-06-03,6.063818
United States,2022-06-04,6.1428733
United States,2022-06-05,5.794445
United States,2022-06-06,5.794445
United States,2022-06-07,5.9964747
United States,2022-06-08,6.6376996
United States,2022-06-09,6.9597754
United States,2022-06-10,7.1559496
United States,2022-06-11,6.8924327
United States,2022-06-12,6.6874747
United States,2022-06-13,6.8543687
United States,2022-06-14,6.748962
United States,2022-06-15,6.7167544
United States,2022-06-16,6.5498605
United States,2022-06-17,6.3361187
United States,2022-06-18,6.4444537
United States,2022-06-19,6.4473815
United States,2022-06-20,6.306839
United States,2022-06-21,6.3771105
United States,2022-06-22,5.9496274
United States,2022-06-23,6.2248564
United States,2022-06-24,6.388822
United States,2022-06-25,6.948064
United States,2022-06-26,7.3228436
United States,2022-06-27,7.355051
United States,2022-06-28,7.2408605
United States,2022-06-29,7.5805044
United States,2022-06-30,7.908437
United States,2022-07-01,7.7034793
United States,2022-07-02,7.6566315
United States,2022-07-03,7.735687
United States,2022-07-04,7.8264537
United States,2022-07-05,7.858661
United States,2022-07-06,7.45753
United States,2022-07-07,7.000767
United States,2022-07-08,7.1354537
United States,2022-07-09,7.1793733
United States,2022-07-10,7.1852293
United States,2022-07-11,7.091534
United States,2022-07-12,7.161805
United States,2022-07-13,7.63028
United States,2022-07-14,8.16317
United States,2022-07-15,8.485246
United States,2022-07-16,8.379839
United States,2022-07-17,8.154386
United States,2022-07-18,8.294929
United States,2022-07-19,8.476462
United States,2022-07-20,8.687276
United States,2022-07-21,8.845386
United States,2022-07-22,8.739979
United States,2022-07-23,8.85417
United States,2022-07-24,9.331429
United States,2022-07-25,9.346068
United States,2022-07-26,9.346068
United States,2022-07-27,9.205525
United States,2022-07-28,8.988856
United States,2022-07-29,9.0503435
United States,2022-07-30,9.126471
United States,2022-07-31,9.1147585
United States,2022-08-01,9.0503435
United States,2022-08-02,8.889305
United States,2022-08-03,9.173318
United States,2022-08-04,9.4339075
United States,2022-08-05,9.489538
United States,2022-08-06,9.606657
United States,2022-08-07,9.548098
United States,2022-08-08,9.621297
United States,2022-08-09,9.630081
United States,2022-08-10,9.445619
United States,2022-08-11,9.679856
United States,2022-08-12,9.852607
United States,2022-08-13,9.931662
United States,2022-08-14,10.07806
United States,2022-08-15,9.990221
United States,2022-08-16,9.978509
United States,2022-08-17,9.996077
United States,2022-08-18,9.791119
United States,2022-08-19,9.747199
United States,2022-08-20,9.597874
United States,2022-08-21,9.4602585
United States,2022-08-22,9.48661
United States,2022-08-23,9.521746
United States,2022-08-24,9.419268
United States,2022-08-25,9.258229
United States,2022-08-26,9.278725
United States,2022-08-27,9.284581
United States,2022-08-28,9.430979
United States,2022-08-29,9.492467
United States,2022-08-30,9.492467
United States,2022-08-31,9.381204
United States,2022-09-01,9.258229
United States,2022-09-02,9.54517
United States,2022-09-03,9.4339075
United States,2022-09-04,9.047416
United States,2022-09-05,8.906873
United States,2022-09-06,8.857098
United States,2022-09-07,8.400335
United States,2022-09-08,8.095826
United States,2022-09-09,7.5805044
United States,2022-09-10,7.5014496
United States,2022-09-11,7.685911
United States,2022-09-12,7.7473984
United States,2022-09-13,7.6712713
United States,2022-09-14,8.110466
United States,2022-09-15,8.207089
United States,2022-09-16,8.532094
United States,2022-09-17,9.149895
United States,2022-09-18,8.488174
United States,2022-09-19,8.379839
United States,2022-09-20,8.359344
United States,2022-09-21,8.251009
United States,2022-09-22,8.081186
United States,2022-09-23,7.7854624
United States,2022-09-24,7.99042
United States,2022-09-25,7.9201484
United States,2022-09-26,7.9318604
United States,2022-09-27,7.949428
United States,2022-09-28,7.964068
United States,2022-09-29,7.8410935
United States,2022-09-30,9.182102
United States,2022-10-01,8.719483
United States,2022-10-02,8.731195
United States,2022-10-03,8.79561
United States,2022-10-04,8.713628
United States,2022-10-05,8.570157
United States,2022-10-06,8.517454
United States,2022-10-07,7.3784747
United States,2022-10-08,7.539513
United States,2022-10-09,7.4955935
United States,2022-10-10,7.3433394
United States,2022-10-11,7.4048266
United States,2022-10-12,7.363835
United States,2022-10-13,7.2291484
United States,2022-10-14,6.8924327
United States,2022-10-15,6.871937
United States,2022-10-16,6.658195
United States,2022-10-17,6.5235085
United States,2022-10-18,6.318551
United States,2022-10-19,6.5088687
United States,2022-10-20,6.7079706
United States,2022-10-21,4.798937
United States,2022-10-22,9.416339
United States,2022-10-23,8.652141
United States,2022-10-24,8.576013
United States,2022-10-25,8.552589
United States,2022-10-26,7.867445
United States,2022-10-27,6.503013
United States,2022-10-28,15.524076
United States,2022-10-29,9.021064
United States,2022-10-30,9.021064
United States,2022-10-31,9.021064
United States,2022-11-01,9.021064
United States,2022-11-02,9.021064
United States,2022-11-03,9.021064
United States,2022-11-04,7.2115808
United States,2022-11-05,7.2115808
United States,2022-11-06,7.2115808
United States,2022-11-07,7.2115808
United States,2022-11-08,7.2115808
United States,2022-11-09,7.2115808
United States,2022-11-10,7.2115808
United States,2022-11-11,6.705043
United States,2022-11-12,6.705043
United States,2022-11-13,6.705043
United States,2022-11-14,6.705043
United States,2022-11-15,6.705043
United States,2022-11-16,6.705043
United States,2022-11-17,6.705043
United States,2022-11-18,6.4473815
United States,2022-11-19,6.4473815
United States,2022-11-20,6.4473815
United States,2022-11-21,6.4473815
United States,2022-11-22,6.4473815
United States,2022-11-23,6.4473815
United States,2022-11-24,6.4473815
United States,2022-11-25,7.6683435
United States,2022-11-26,7.6683435
United States,2022-11-27,7.6683435
United States,2022-11-28,7.6683435
United States,2022-11-29,7.6683435
United States,2022-11-30,7.6683435
United States,2022-12-01,7.6683435
United States,2022-12-02,5.1620045
United States,2022-12-03,5.1620045
United States,2022-12-04,5.1620045
United States,2022-12-05,5.1620045
United States,2022-12-06,5.1620045
United States,2022-12-07,5.1620045
United States,2022-12-08,5.1620045
United States,2022-12-09,8.886377
United States,2022-12-10,8.886377
United States,2022-12-11,8.886377
United States,2022-12-12,8.886377
United States,2022-12-13,8.886377
United States,2022-12-14,8.886377
United States,2022-12-15,8.886377
United States,2022-12-16,7.7649665
United States,2022-12-17,7.7649665
United States,2022-12-18,7.7649665
United States,2022-12-19,7.7649665
United States,2022-12-20,7.7649665
United States,2022-12-21,7.7649665
United States,2022-12-22,7.7649665
United States,2022-12-23,8.880522
United States,2022-12-24,8.880522
United States,2022-12-25,8.880522
United States,2022-12-26,8.880522
United States,2022-12-27,8.880522
United States,2022-12-28,8.880522
United States,2022-12-29,8.880522
United States,2022-12-30,7.2613564
United States,2022-12-31,7.2613564
United States,2023-01-01,7.2613564
United States,2023-01-02,7.2613564
United States,2023-01-03,7.2613564
United States,2023-01-04,7.2613564
United States,2023-01-05,7.2613564
United States,2023-01-06,8.092898
United States,2023-01-07,8.092898
United States,2023-01-08,8.092898
United States,2023-01-09,8.092898
United States,2023-01-10,8.092898
United States,2023-01-11,8.092898
United States,2023-01-12,8.092898
United States,2023-01-13,12.903547
United States,2023-01-14,12.903547
United States,2023-01-15,12.903547
United States,2023-01-16,12.903547
United States,2023-01-17,12.903547
United States,2023-01-18,12.903547
United States,2023-01-19,12.903547
United States,2023-01-20,10.728068
United States,2023-01-21,10.728068
United States,2023-01-22,10.728068
United States,2023-01-23,10.728068
United States,2023-01-24,10.728068
United States,2023-01-25,10.728068
United States,2023-01-26,10.728068
United States,2023-01-27,10.959377
United States,2023-01-28,10.959377
United States,2023-01-29,10.959377
United States,2023-01-30,10.959377
United States,2023-01-31,10.959377
United States,2023-02-01,10.959377
United States,2023-02-02,10.959377
United States,2023-02-03,10.107339
United States,2023-02-04,10.107339
United States,2023-02-05,10.107339
United States,2023-02-06,10.107339
United States,2023-02-07,10.107339
United States,2023-02-08,10.107339
United States,2023-02-09,10.107339
United States,2023-02-10,10.072204
United States,2023-02-11,10.072204
United States,2023-02-12,10.072204
United States,2023-02-13,10.072204
United States,2023-02-14,10.072204
United States,2023-02-15,10.072204
United States,2023-02-16,10.072204
United States,2023-02-17,8.365199
United States,2023-02-18,8.365199
United States,2023-02-19,8.365199
United States,2023-02-20,8.365199
United States,2023-02-21,8.365199
United States,2023-02-22,8.365199
United States,2023-02-23,8.365199
United States,2023-02-24,0
United States,2023-02-25,6.9158564
United States,2023-02-26,6.9158564
United States,2023-02-27,6.9158564
United States,2023-02-28,6.9158564
United States,2023-03-01,6.9158564
United States,2023-03-02,6.9158564
United States,2023-03-03,6.9158564
United States,2023-03-04,6.4327416
United States,2023-03-05,6.4327416
United States,2023-03-06,6.4327416
United States,2023-03-07,6.4327416
United States,2023-03-08,6.4327416
United States,2023-03-09,6.4327416
United States,2023-03-10,6.4327416
United States,2023-03-11,5.525072
United States,2023-03-12,5.525072
United States,2023-03-13,5.525072
United States,2023-03-14,5.525072
United States,2023-03-15,5.525072
United States,2023-03-16,5.525072
United States,2023-03-17,5.525072
United States,2023-03-18,5.097589
United States,2023-03-19,5.097589
United States,2023-03-20,5.097589
United States,2023-03-21,5.097589
United States,2023-03-22,5.097589
United States,2023-03-23,5.097589
United States,2023-03-24,5.097589
United States,2023-03-25,6.1018815
United States,2023-03-26,6.1018815
United States,2023-03-27,6.1018815
United States,2023-03-28,6.1018815
United States,2023-03-29,6.1018815
United States,2023-03-30,6.1018815
United States,2023-03-31,6.1018815
United States,2023-04-01,5.112229
United States,2023-04-02,5.112229
United States,2023-04-03,5.112229
United States,2023-04-04,5.112229
United States,2023-04-05,5.112229
United States,2023-04-06,5.112229
United States,2023-04-07,5.112229
United States,2023-04-08,0
United States,2023-04-09,5.0624537
United States,2023-04-10,5.0624537
United States,2023-04-11,5.0624537
United States,2023-04-12,5.0624537
United States,2023-04-13,5.0624537
United States,2023-04-14,5.0624537
United States,2023-04-15,5.0624537
United States,2023-04-16,3.7770765
United States,2023-04-17,3.7770765
United States,2023-04-18,3.7770765
United States,2023-04-19,3.7770765
United States,2023-04-20,3.7770765
United States,2023-04-21,3.7770765
United States,2023-04-22,3.7770765
United States,2023-04-23,3.5077035
United States,2023-04-24,3.5077035
United States,2023-04-25,3.5077035
United States,2023-04-26,3.5077035
United States,2023-04-27,3.5077035
United States,2023-04-28,3.5077035
United States,2023-04-29,3.5077035
United States,2023-04-30,3.0626526
United States,2023-05-01,3.0626526
United States,2023-05-02,3.0626526
United States,2023-05-03,3.0626526
United States,2023-05-04,3.0626526
United States,2023-05-05,3.0626526
United States,2023-05-06,3.0626526
United States,2023-05-07,3.3554492
United States,2023-05-08,3.3554492
United States,2023-05-09,3.3554492
United States,2023-05-10,3.3554492
United States,2023-05-11,3.3554492
United States,2023-05-12,3.3554492
United States,2023-05-13,3.3554492
United States,2023-05-14,5.6890383
United States,2023-05-15,5.6890383
United States,2023-05-16,7.9113646
United States,2023-05-17,7.9113646
United States,2023-05-18,7.9113646
United States,2023-05-19,7.9113646
United States,2023-05-20,7.9113646
United States,2023-05-21,2.2223263
United States,2023-05-22,2.2223263
United States,2023-05-23,2.175479
United States,2023-05-24,2.175479
United States,2023-05-25,2.175479
United States,2023-05-26,2.175479
United States,2023-05-27,2.175479
United States,2023-05-28,2.175479
United States,2023-05-29,2.175479
United States,2023-05-30,2.0407925
United States,2023-05-31,2.0407925
United States,2023-06-01,2.0407925
United States,2023-06-02,2.0407925
United States,2023-06-03,2.0407925
United States,2023-06-04,2.0407925
United States,2023-06-05,2.0407925
United States,2023-06-06,1.8534026
United States,2023-06-07,1.8534026
United States,2023-06-08,1.8534026
United States,2023-06-09,1.8534026
United States,2023-06-10,1.8534026
United States,2023-06-11,1.8534026
United States,2023-06-12,1.8534026
United States,2023-06-13,1.7919153
United States,2023-06-14,1.7919153
United States,2023-06-15,1.7919153
United States,2023-06-16,1.7919153
United States,2023-06-17,1.7919153
United States,2023-06-18,1.7919153
United States,2023-06-19,1.7919153
United States,2023-06-20,1.7070043
United States,2023-06-21,1.7070043
United States,2023-06-22,1.7070043
United States,2023-06-23,1.7070043
United States,2023-06-24,1.7070043
United States,2023-06-25,1.7070043
United States,2023-06-26,1.7070043
United States,2023-06-27,1.5898857
United States,2023-06-28,1.5898857
United States,2023-06-29,1.5898857
United States,2023-06-30,1.5898857
United States,2023-07-01,1.5898857
United States,2023-07-02,1.5898857
United States,2023-07-03,1.5898857
United States,2023-07-04,1.4405594
United States,2023-07-05,1.4405594
United States,2023-07-06,1.4405594
United States,2023-07-07,1.4405594
United States,2023-07-08,1.4405594
United States,2023-07-09,1.4405594
United States,2023-07-10,1.4405594
United States,2023-07-11,1.4932628
United States,2023-07-12,1.4932628
United States,2023-07-13,1.4932628
United States,2023-07-14,1.4932628
United States,2023-07-15,1.4932628
United States,2023-07-16,1.4932628
United States,2023-07-17,1.4932628
United States,2023-07-18,1.5781738
United States,2023-07-19,1.5781738
United States,2023-07-20,1.5781738
United States,2023-07-21,1.5781738
United States,2023-07-22,1.5781738
United States,2023-07-23,1.5781738
United States,2023-07-24,1.5781738
United States,2023-07-25,1.6220933
United States,2023-07-26,1.6220933
United States,2023-07-27,1.6220933
United States,2023-07-28,1.6220933
United States,2023-07-29,1.6220933
United States,2023-07-30,1.6220933
United States,2023-07-31,1.6220933
United States,2023-08-01,1.9675933
United States,2023-08-02,1.9675933
United States,2023-08-03,1.9675933
United States,2023-08-04,1.9675933
United States,2023-08-05,1.9675933
United States,2023-08-06,1.9675933
United States,2023-08-07,1.9675933
United States,2023-08-08,2.2047586
United States,2023-08-09,2.2047586
United States,2023-08-10,2.2047586
United States,2023-08-11,2.2047586
United States,2023-08-12,2.2047586
United States,2023-08-13,2.2047586
United States,2023-08-14,2.2047586
United States,2023-08-15,2.7054408
United States,2023-08-16,2.7054408
United States,2023-08-17,2.7054408
United States,2023-08-18,2.7054408
United States,2023-08-19,2.7054408
United States,2023-08-20,2.7054408
United States,2023-08-21,2.7054408
United States,2023-08-22,3.118284
United States,2023-08-23,3.118284
United States,2023-08-24,3.118284
United States,2023-08-25,3.118284
United States,2023-08-26,3.118284
United States,2023-08-27,3.118284
United States,2023-08-28,3.118284
United States,2023-08-29,3.4784238
United States,2023-08-30,3.4784238
United States,2023-08-31,3.4784238
United States,2023-09-01,3.4784238
United States,2023-09-02,3.4784238
United States,2023-09-03,3.4784238
United States,2023-09-04,3.4784238
United States,2023-09-05,3.8532035
United States,2023-09-06,3.8532035
United States,2023-09-07,3.8532035
United States,2023-09-08,3.8532035
United States,2023-09-09,3.8532035
United States,2023-09-10,3.8532035
United States,2023-09-11,3.8532035
United States,2023-09-12,4.122576
United States,2023-09-13,4.122576
United States,2023-09-14,4.122576
United States,2023-09-15,4.122576
United States,2023-09-16,4.122576
United States,2023-09-17,4.122576
United States,2023-09-18,4.122576
United States,2023-09-19,4.143072
United States,2023-09-20,4.143072
United States,2023-09-21,4.143072
United States,2023-09-22,4.143072
United States,2023-09-23,4.143072
United States,2023-09-24,4.143072
United States,2023-09-25,4.143072
United States,2023-09-26,4.266047
United States,2023-09-27,4.266047
United States,2023-09-28,4.266047
United States,2023-09-29,4.266047
United States,2023-09-30,4.266047
United States,2023-10-01,4.266047
United States,2023-10-02,4.266047
United States,2023-10-03,4.096225
United States,2023-10-04,4.096225
United States,2023-10-05,4.096225
United States,2023-10-06,4.096225
United States,2023-10-07,4.096225
United States,2023-10-08,4.096225
United States,2023-10-09,4.096225
United States,2023-10-10,3.8502755
United States,2023-10-11,3.8502755
United States,2023-10-12,3.8502755
United States,2023-10-13,3.8502755
United States,2023-10-14,3.8502755
United States,2023-10-15,3.8502755
United States,2023-10-16,3.8502755
United States,2023-10-17,4.072801
United States,2023-10-18,4.072801
United States,2023-10-19,4.072801
United States,2023-10-20,4.072801
United States,2023-10-21,4.072801
United States,2023-10-22,4.072801
United States,2023-10-23,4.072801
United States,2023-10-24,3.7800043
United States,2023-10-25,3.7800043
United States,2023-10-26,3.7800043
United States,2023-10-27,3.7800043
United States,2023-10-28,3.7800043
United States,2023-10-29,3.7800043
United States,2023-10-30,3.7800043
United States,2023-10-31,3.6482458
United States,2023-11-01,3.6482458
United States,2023-11-02,3.6482458
United States,2023-11-03,3.6482458
United States,2023-11-04,3.6482458
United States,2023-11-05,3.6482458
United States,2023-11-06,3.6482458
United States,2023-11-07,4.066945
United States,2023-11-08,4.066945
United States,2023-11-09,4.066945
United States,2023-11-10,4.066945
United States,2023-11-11,4.066945
United States,2023-11-12,4.066945
United States,2023-11-13,4.066945
United States,2023-11-14,4.172352
United States,2023-11-15,4.172352
United States,2023-11-16,4.172352
United States,2023-11-17,4.172352
United States,2023-11-18,4.172352
United States,2023-11-19,4.172352
United States,2023-11-20,4.172352
United States,2023-11-21,4.148928
United States,2023-11-22,4.148928
United States,2023-11-23,4.148928
United States,2023-11-24,4.148928
United States,2023-11-25,4.148928
United States,2023-11-26,4.148928
United States,2023-11-27,4.148928
United States,2023-11-28,5.0507417
United States,2023-11-29,5.0507417
United States,2023-11-30,5.0507417
United States,2023-12-01,5.0507417
United States,2023-12-02,5.0507417
United States,2023-12-03,5.0507417
United States,2023-12-04,5.0507417
United States,2023-12-05,5.2293477
United States,2023-12-06,5.2293477
United States,2023-12-07,5.2293477
United States,2023-12-08,5.2293477
United States,2023-12-09,5.2293477
United States,2023-12-10,5.2293477
United States,2023-12-11,5.2293477
United States,2023-12-12,5.378674
United States,2023-12-13,5.378674
United States,2023-12-14,5.378674
United States,2023-12-15,5.378674
United States,2023-12-16,5.378674
United States,2023-12-17,5.378674
United States,2023-12-18,5.378674
United States,2023-12-19,5.5865593
United States,2023-12-20,5.5865593
United States,2023-12-21,5.5865593
United States,2023-12-22,5.5865593
United States,2023-12-23,5.5865593
United States,2023-12-24,5.5865593
United States,2023-12-25,5.5865593
United States,2023-12-26,6.3712544
United States,2023-12-27,6.3712544
United States,2023-12-28,6.3712544
United States,2023-12-29,6.3712544
United States,2023-12-30,6.3712544
United States,2023-12-31,6.3712544
United States,2024-01-01,6.3712544
United States,2024-01-02,7.3023477
United States,2024-01-03,7.3023477
United States,2024-01-04,7.3023477
United States,2024-01-05,7.3023477
United States,2024-01-06,7.3023477
United States,2024-01-07,7.3023477
United States,2024-01-08,7.3023477
United States,2024-01-09,7.589288
United States,2024-01-10,7.589288
United States,2024-01-11,7.589288
United States,2024-01-12,7.589288
United States,2024-01-13,7.589288
United States,2024-01-14,7.589288
United States,2024-01-15,7.589288
United States,2024-01-16,6.942208
United States,2024-01-17,6.942208
United States,2024-01-18,6.942208
United States,2024-01-19,6.942208
United States,2024-01-20,6.942208
United States,2024-01-21,6.942208
United States,2024-01-22,6.942208
United States,2024-01-23,6.2599916
United States,2024-01-24,6.2599916
United States,2024-01-25,6.2599916
United States,2024-01-26,6.2599916
United States,2024-01-27,6.2599916
United States,2024-01-28,6.2599916
United States,2024-01-29,6.2599916
United States,2024-01-30,5.118085
United States,2024-01-31,5.118085
United States,2024-02-01,5.118085
United States,2024-02-02,5.118085
United States,2024-02-03,5.118085
United States,2024-02-04,5.118085
United States,2024-02-05,5.118085
United States,2024-02-06,4.766729
United States,2024-02-07,4.766729
United States,2024-02-08,4.766729
United States,2024-02-09,4.766729
United States,2024-02-10,4.766729
United States,2024-02-11,4.766729
United States,2024-02-12,4.766729
United States,2024-02-13,4.081585
United States,2024-02-14,4.081585
United States,2024-02-15,4.081585
United States,2024-02-16,4.081585
United States,2024-02-17,4.081585
United States,2024-02-18,4.081585
United States,2024-02-19,4.081585
United States,2024-02-20,3.891267
United States,2024-02-21,3.891267
United States,2024-02-22,3.891267
United States,2024-02-23,3.891267
United States,2024-02-24,3.891267
United States,2024-02-25,3.891267
United States,2024-02-26,3.891267
United States,2024-02-27,3.733157
United States,2024-02-28,3.733157
United States,2024-02-29,3.733157
United States,2024-03-01,3.733157
United States,2024-03-02,3.733157
United States,2024-03-03,3.733157
United States,2024-03-04,3.733157
United States,2024-03-05,3.2354026
United States,2024-03-06,3.2354026
United States,2024-03-07,3.2354026
United States,2024-03-08,3.2354026
United States,2024-03-09,3.2354026
United States,2024-03-10,3.2354026
United States,2024-03-11,3.2354026
United States,2024-03-12,3.0655806
United States,2024-03-13,3.0655806
United States,2024-03-14,3.0655806
United States,2024-03-15,3.0655806
United States,2024-03-16,3.0655806
United States,2024-03-17,3.0655806
United States,2024-03-18,3.0655806
United States,2024-03-19,2.4946272
United States,2024-03-20,2.4946272
United States,2024-03-21,2.4946272
United States,2024-03-22,2.4946272
United States,2024-03-23,2.4946272
United States,2024-03-24,2.4946272
United States,2024-03-25,2.4946272
United States,2024-03-26,2.172551
United States,2024-03-27,2.172551
United States,2024-03-28,2.172551
United States,2024-03-29,2.172551
United States,2024-03-30,2.172551
United States,2024-03-31,2.172551
United States,2024-04-01,2.172551
United States,2024-04-02,1.8534026
United States,2024-04-03,1.8534026
United States,2024-04-04,1.8534026
United States,2024-04-05,1.8534026
United States,2024-04-06,1.8534026
United States,2024-04-07,1.8534026
United States,2024-04-08,1.8534026
United States,2024-04-09,1.6835805
United States,2024-04-10,1.6835805
United States,2024-04-11,1.6835805
United States,2024-04-12,1.6835805
United States,2024-04-13,1.6835805
United States,2024-04-14,1.6835805
United States,2024-04-15,1.6835805
United States,2024-04-16,1.4669111
United States,2024-04-17,1.4669111
United States,2024-04-18,1.4669111
United States,2024-04-19,1.4669111
United States,2024-04-20,1.4669111
United States,2024-04-21,1.4669111
United States,2024-04-22,1.4669111
United States,2024-04-23,1.2590255
United States,2024-04-24,1.2590255
United States,2024-04-25,1.2590255
United States,2024-04-26,1.2590255
United States,2024-04-27,1.2590255
United States,2024-04-28,1.2590255
United States,2024-04-29,1.2590255
United States,2024-04-30,1.2502415
United States,2024-05-01,1.2502415
United States,2024-05-02,1.2502415
United States,2024-05-03,1.2502415
United States,2024-05-04,1.2502415
United States,2024-05-05,1.2502415
United States,2024-05-06,1.2502415
United States,2024-05-07,0.97794074
United States,2024-05-08,0.97794074
United States,2024-05-09,0.97794074
United States,2024-05-10,0.97794074
United States,2024-05-11,0.97794074
United States,2024-05-12,0.97794074
United States,2024-05-13,0.97794074
United States,2024-05-14,0.9955085
United States,2024-05-15,0.9955085
United States,2024-05-16,0.9955085
United States,2024-05-17,0.9955085
United States,2024-05-18,0.9955085
United States,2024-05-19,0.9955085
United States,2024-05-20,0.9955085
United States,2024-05-21,1.0072204
United States,2024-05-22,1.0072204
United States,2024-05-23,1.0072204
United States,2024-05-24,1.0072204
United States,2024-05-25,1.0072204
United States,2024-05-26,1.0072204
United States,2024-05-27,1.0072204
United States,2024-05-28,0.954517
United States,2024-05-29,0.954517
United States,2024-05-30,0.954517
United States,2024-05-31,0.954517
United States,2024-06-01,0.954517
United States,2024-06-02,0.954517
United States,2024-06-03,0.954517
United States,2024-06-04,0.9193814
United States,2024-06-05,0.9193814
United States,2024-06-06,0.9193814
United States,2024-06-07,0.9193814
United States,2024-06-08,0.9193814
United States,2024-06-09,0.9193814
United States,2024-06-10,0.9193814
United States,2024-06-11,1.0745636
United States,2024-06-12,1.0745636
United States,2024-06-13,1.0745636
United States,2024-06-14,1.0745636
United States,2024-06-15,1.0745636
United States,2024-06-16,1.0745636
United States,2024-06-17,1.0745636
United States,2024-06-18,1.2736653
United States,2024-06-19,1.2736653
United States,2024-06-20,1.2736653
United States,2024-06-21,1.2736653
United States,2024-06-22,1.2736653
United States,2024-06-23,1.2736653
United States,2024-06-24,1.2736653
United States,2024-06-25,1.300017
United States,2024-06-26,1.300017
United States,2024-06-27,1.300017
United States,2024-06-28,1.300017
United States,2024-06-29,1.300017
United States,2024-06-30,1.300017
United States,2024-07-01,1.300017
United States,2024-07-02,1.560606
United States,2024-07-03,1.560606
United States,2024-07-04,1.560606
United States,2024-07-05,1.560606
United States,2024-07-06,1.560606
United States,2024-07-07,1.560606
United States,2024-07-08,1.560606
United States,2024-07-09,1.7392119
United States,2024-07-10,1.7392119
United States,2024-07-11,1.7392119
United States,2024-07-12,1.7392119
United States,2024-07-13,1.7392119
United States,2024-07-14,1.7392119
United States,2024-07-15,1.7392119
United States,2024-07-16,2.154983
United States,2024-07-17,2.154983
United States,2024-07-18,2.154983
United States,2024-07-19,2.154983
United States,2024-07-20,2.154983
United States,2024-07-21,2.154983
United States,2024-07-22,2.154983
United States,2024-07-23,2.518051
United States,2024-07-24,2.518051
United States,2024-07-25,2.518051
United States,2024-07-26,2.518051
United States,2024-07-27,2.518051
United States,2024-07-28,2.518051
United States,2024-07-29,2.518051
United States,2024-07-30,2.8928306
United States,2024-07-31,2.8928306
United States,2024-08-01,2.8928306
United States,2024-08-02,2.8928306
United States,2024-08-03,2.8928306
United States,2024-08-04,2.8928306
United States,2024-08-05,2.8928306
United States,2024-08-06,3.1329238
United States,2024-08-07,3.1329238
United States,2024-08-08,3.1329238
United States,2024-08-09,3.1329238
United States,2024-08-10,3.1329238
United States,2024-08-11,3.1329238
United States,2024-08-12,3.1329238
United States,2024-08-13,3.1709874
United States,2024-08-14,3.1709874
United States,2024-08-15,3.1709874
United States,2024-08-16,3.1709874
United States,2024-08-17,3.1709874
United States,2024-08-18,3.1709874
United States,2024-08-19,3.1709874
United States,2024-08-20,3.6833816
United States,2024-08-21,3.6833816
United States,2024-08-22,3.6833816
United States,2024-08-23,3.6833816
United States,2024-08-24,3.6833816
United States,2024-08-25,3.6833816
United States,2024-08-26,3.6833816
United States,2024-08-27,3.9761782
United States,2024-08-28,3.9761782
United States,2024-08-29,3.9761782
United States,2024-08-30,3.9761782
United States,2024-08-31,3.9761782
United States,2024-09-01,3.9761782
United States,2024-09-02,3.9761782
United States,2024-09-03,3.6013985
United States,2024-09-04,3.6013985
United States,2024-09-05,3.6013985
United States,2024-09-06,3.6013985
United States,2024-09-07,3.6013985
United States,2024-09-08,3.6013985
United States,2024-09-09,3.6013985
United States,2024-09-10,3.64239
United States,2024-09-11,3.64239
United States,2024-09-12,3.64239
United States,2024-09-13,3.64239
United States,2024-09-14,3.64239
United States,2024-09-15,3.64239
United States,2024-09-16,3.64239
United States,2024-09-17,3.2324748
United States,2024-09-18,3.2324748
United States,2024-09-19,3.2324748
United States,2024-09-20,3.2324748
United States,2024-09-21,3.2324748
United States,2024-09-22,3.2324748
United States,2024-09-23,3.2324748
United States,2024-09-24,3.027517
United States,2024-09-25,3.027517
United States,2024-09-26,3.027517
United States,2024-09-27,3.027517
United States,2024-09-28,3.027517
United States,2024-09-29,3.027517
United States,2024-09-30,3.027517
United States,2024-10-01,2.851839
United States,2024-10-02,2.851839
United States,2024-10-03,2.851839
United States,2024-10-04,2.851839
United States,2024-10-05,2.851839
United States,2024-10-06,2.851839
United States,2024-10-07,2.851839
United States,2024-10-08,2.3599408
United States,2024-10-09,2.3599408
United States,2024-10-10,2.3599408
United States,2024-10-11,2.3599408
United States,2024-10-12,2.3599408
United States,2024-10-13,2.3599408
United States,2024-10-14,2.3599408
United States,2024-10-15,2.163767
United States,2024-10-16,2.163767
United States,2024-10-17,2.163767
United States,2024-10-18,2.163767
United States,2024-10-19,2.163767
United States,2024-10-20,2.163767
United States,2024-10-21,2.163767
United States,2024-10-22,1.8856102
United States,2024-10-23,1.8856102
United States,2024-10-24,1.8856102
United States,2024-10-25,1.8856102
United States,2024-10-26,1.8856102
United States,2024-10-27,1.8856102
United States,2024-10-28,1.8856102
United States,2024-10-29,1.7655636
United States,2024-10-30,1.7655636
United States,2024-10-31,1.7655636
United States,2024-11-01,1.7655636
United States,2024-11-02,1.7655636
United States,2024-11-03,1.7655636
United States,2024-11-04,1.7655636
United States,2024-11-05,1.6308771
United States,2024-11-06,1.6308771
United States,2024-11-07,1.6308771
United States,2024-11-08,1.6308771
United States,2024-11-09,1.6308771
United States,2024-11-10,1.6308771
United States,2024-11-11,1.6308771
United States,2024-11-12,1.5518221
United States,2024-11-13,1.5518221
United States,2024-11-14,1.5518221
United States,2024-11-15,1.5518221
United States,2024-11-16,1.5518221
United States,2024-11-17,1.5518221
United States,2024-11-18,1.5518221
United States,2024-11-19,1.3937119
United States,2024-11-20,1.3937119
United States,2024-11-21,1.3937119
United States,2024-11-22,1.3937119
United States,2024-11-23,1.3937119
United States,2024-11-24,1.3937119
United States,2024-11-25,1.3937119
United States,2024-11-26,1.463983
United States,2024-11-27,1.463983
United States,2024-11-28,1.463983
United States,2024-11-29,1.463983
United States,2024-11-30,1.463983
United States,2024-12-01,1.463983
United States,2024-12-02,1.463983
United States,2024-12-03,1.475695
United States,2024-12-04,1.475695
United States,2024-12-05,1.475695
United States,2024-12-06,1.475695
United States,2024-12-07,1.475695
United States,2024-12-08,1.475695
United States,2024-12-09,1.475695
United States,2024-12-10,1.6660128
United States,2024-12-11,1.6660128
United States,2024-12-12,1.6660128
United States,2024-12-13,1.6660128
United States,2024-12-14,1.6660128
United States,2024-12-15,1.6660128
United States,2024-12-16,1.6660128
United States,2024-12-17,1.7450678
United States,2024-12-18,1.7450678
United States,2024-12-19,1.7450678
United States,2024-12-20,1.7450678
United States,2024-12-21,1.7450678
United States,2024-12-22,1.7450678
United States,2024-12-23,1.7450678
United States,2024-12-24,1.9851611
United States,2024-12-25,1.9851611
United States,2024-12-26,1.9851611
United States,2024-12-27,1.9851611
United States,2024-12-28,1.9851611
United States,2024-12-29,1.9851611
United States,2024-12-30,1.9851611
United States,2024-12-31,2.6527374
United States,2025-01-01,2.6527374
United States,2025-01-02,2.6527374
United States,2025-01-03,2.6527374
United States,2025-01-04,2.6527374
United States,2025-01-05,2.6527374
United States,2025-01-06,2.6527374
United States,2025-01-07,3.0626526
United States,2025-01-08,3.0626526
United States,2025-01-09,3.0626526
United States,2025-01-10,3.0626526
United States,2025-01-11,3.0626526
United States,2025-01-12,3.0626526
United States,2025-01-13,3.0626526
United States,2025-01-14,2.9250383
United States,2025-01-15,2.9250383
United States,2025-01-16,2.9250383
United States,2025-01-17,2.9250383
United States,2025-01-18,2.9250383
United States,2025-01-19,2.9250383
United States,2025-01-20,2.9250383
United States,2025-01-21,2.8167036
United States,2025-01-22,2.8167036
United States,2025-01-23,2.8167036
United States,2025-01-24,2.8167036
United States,2025-01-25,2.8167036
United States,2025-01-26,2.8167036
United States,2025-01-27,2.8167036
United States,2025-01-28,2.7435043
United States,2025-01-29,2.7435043
United States,2025-01-30,2.7435043
United States,2025-01-31,2.7435043
United States,2025-02-01,2.7435043
United States,2025-02-02,2.7435043
United States,2025-02-03,2.7435043
United States,2025-02-04,2.427284
United States,2025-02-05,2.427284
United States,2025-02-06,2.427284
United States,2025-02-07,2.427284
United States,2025-02-08,2.427284
United States,2025-02-09,2.427284
United States,2025-02-10,2.427284
United States,2025-02-11,2.1959746
United States,2025-02-12,2.1959746
United States,2025-02-13,2.1959746
United States,2025-02-14,2.1959746
United States,2025-02-15,2.1959746
United States,2025-02-16,2.1959746
United States,2025-02-17,2.1959746
United States,2025-02-18,2.1315594
United States,2025-02-19,2.1315594
United States,2025-02-20,2.1315594
United States,2025-02-21,2.1315594
United States,2025-02-22,2.1315594
United States,2025-02-23,2.1315594
United States,2025-02-24,2.1315594
United States,2025-02-25,2.0261526
United States,2025-02-26,2.0261526
United States,2025-02-27,2.0261526
United States,2025-02-28,2.0261526
United States,2025-03-01,2.0261526
United States,2025-03-02,2.0261526
United States,2025-03-03,2.0261526
United States,2025-03-04,1.7802035
United States,2025-03-05,1.7802035
United States,2025-03-06,1.7802035
United States,2025-03-07,1.7802035
United States,2025-03-08,1.7802035
United States,2025-03-09,1.7802035
United States,2025-03-10,1.7802035
United States,2025-03-11,1.4434873
United States,2025-03-12,1.4434873
United States,2025-03-13,1.4434873
United States,2025-03-14,1.4434873
United States,2025-03-15,1.4434873
United States,2025-03-16,1.4434873
United States,2025-03-17,1.4434873
United States,2025-03-18,1.3556484
United States,2025-03-19,1.3556484
United States,2025-03-20,1.3556484
United States,2025-03-21,1.3556484
United States,2025-03-22,1.3556484
United States,2025-03-23,1.3556484
United States,2025-03-24,1.3556484
United States,2025-03-25,1.3995678
United States,2025-03-26,1.3995678
United States,2025-03-27,1.3995678
United States,2025-03-28,1.3995678
United States,2025-03-29,1.3995678
United States,2025-03-30,1.3995678
United States,2025-03-31,1.3995678
United States,2025-04-01,1.1916822
United States,2025-04-02,1.1916822
United States,2025-04-03,1.1916822
United States,2025-04-04,1.1916822
United States,2025-04-05,1.1916822
United States,2025-04-06,1.1916822
United States,2025-04-07,1.1916822
United States,2025-04-08,1.0335721
United States,2025-04-09,1.0335721
United States,2025-04-10,1.0335721
United States,2025-04-11,1.0335721
United States,2025-04-12,1.0335721
United States,2025-04-13,1.0335721
United States,2025-04-14,1.0335721
United States,2025-04-15,1.0774915
United States,2025-04-16,1.0774915
United States,2025-04-17,1.0774915
United States,2025-04-18,1.0774915
United States,2025-04-19,1.0774915
United States,2025-04-20,1.0774915
United States,2025-04-21,1.0774915
United States,2025-04-22,0.89595765
United States,2025-04-23,0.89595765
United States,2025-04-24,0.89595765
United States,2025-04-25,0.89595765
United States,2025-04-26,0.89595765
United States,2025-04-27,0.89595765
United States,2025-04-28,0.89595765
United States,2025-04-29,0.7437034
United States,2025-04-30,0.7437034
United States,2025-05-01,0.7437034
United States,2025-05-02,0.7437034
United States,2025-05-03,0.7437034
United States,2025-05-04,0.7437034
United States,2025-05-05,0.7437034
United States,2025-05-06,0.5885212
United States,2025-05-07,0.5885212
United States,2025-05-08,0.5885212
United States,2025-05-09,0.5885212
United States,2025-05-10,0.5885212
United States,2025-05-11,0.5885212